<?xml version="1.0" encoding="UTF-8" standalone="yes"?>
<addon id="plugin.video.channelPEAR"
       name="channel PEAR"
       version="1.0"
       provider-name="channel PEAR">
  <requires>
    <import addon="xbmc.python" version="2.1.0"/>
    <import addon="script.module.beautifulsoup" version="3.2.1"/>
    <import addon="script.module.simple.downloader" version="0.9.4"/>
    <import addon="script.module.beautifulsoup4" />
    <import addon="script.module.simple.downloader" version="0.9.4"/>
    <import addon="script.module.requests" />
    <import addon="script.module.httplib2" />
    <import addon="script.module.youtube.dl" optional="true"/>
    <import addon="plugin.video.youtube" />
    <import addon="script.module.urlresolver" optional="true"/>
    <import addon="script.module.simplejson" />    
  </requires>
  <extension point="xbmc.python.pluginsource" library="default.py">
    <provides>video</provides>
  </extension>
  <extension point="xbmc.addon.metadata">
    <summary>channel PEAR is a media platform that lets you discover and watch content on your favorite devices</summary>
    <description>
		This addon syncs your personal channel PEAR library with Kodi once you enter your library URL in the addon settings. You can get your library URL at channelpear.com/library (visit channelpear.com/help for more instructions)
    </description>
    <platform>all</platform>
  </extension>
</addon>
