<?xml version="1.0" encoding="utf-8"?><shortcuts>
	<shortcut>
		<defaultID/>
		<label>My Movies</label>
		<label2>Custom item</label2>
		<icon>DefaultShortcut.png</icon>
		<thumb>special://profile/addon_data/script.skinshortcuts/skin.aura-thumb-My Movies.png</thumb>
		<action>ActivateWindow(Videos,&quot;plugin://plugin.video.13clowns/?action=mymovieliteNavigator&quot;,return)</action>
	</shortcut>
	<shortcut>
		<defaultID/>
		<label>In Theaters</label>
		<label2>Custom item</label2>
		<icon>DefaultShortcut.png</icon>
		<thumb>special://profile/addon_data/script.skinshortcuts/skin.aura-thumb-In Theaters.png</thumb>
		<action>ActivateWindow(Videos,&quot;plugin://plugin.video.13clowns/?action=movies&amp;url=theaters&quot;,return)</action>
	</shortcut>
	<shortcut>
		<defaultID/>
		<label>Genres</label>
		<label2>Custom item</label2>
		<icon>DefaultShortcut.png</icon>
		<thumb>special://profile/addon_data/script.skinshortcuts/skin.aura-thumb-Genres.png</thumb>
		<action>ActivateWindow(Videos,&quot;plugin://plugin.video.13clowns/?action=movieGenres&quot;,return)</action>
	</shortcut>
	<shortcut>
		<defaultID/>
		<label>People Watching</label>
		<label2>Custom item</label2>
		<icon>DefaultShortcut.png</icon>
		<thumb>special://profile/addon_data/script.skinshortcuts/skin.aura-thumb-People Watching.png</thumb>
		<action>ActivateWindow(Videos,&quot;plugin://plugin.video.13clowns/?action=movies&amp;url=trending&quot;,return)</action>
	</shortcut>
	<shortcut>
		<defaultID/>
		<label>Oscar Winners</label>
		<label2>Custom item</label2>
		<icon>DefaultShortcut.png</icon>
		<thumb>special://profile/addon_data/script.skinshortcuts/skin.aura-thumb-Oscar Winners.png</thumb>
		<action>ActivateWindow(Videos,&quot;plugin://plugin.video.13clowns/?action=movies&amp;url=oscars&quot;,return)</action>
	</shortcut>
	<shortcut>
		<defaultID/>
		<label>Main Menu</label>
		<label2>Custom item</label2>
		<icon>DefaultShortcut.png</icon>
		<thumb>special://profile/addon_data/script.skinshortcuts/skin.aura-thumb-Main Menu.png</thumb>
		<action>ActivateWindow(Videos,&quot;plugin://plugin.video.13clowns/?action=movieNavigator&quot;,return)</action>
	</shortcut>
	<shortcut>
		<defaultID/>
		<label>Configure Scrapers</label>
		<label2>Custom item</label2>
		<icon>DefaultShortcut.png</icon>
		<thumb>special://profile/addon_data/script.skinshortcuts/skin.aura-thumb-Configure Scrapers.png</thumb>
		<action>RunPlugin(plugin://script.module.lambdascrapers/?mode=LambdaSettings)</action>
	</shortcut>
</shortcuts>