<?xml version="1.0" encoding="utf-8"?><shortcuts>
	<shortcut>
		<defaultID/>
		<label>USA Channels</label>
		<label2>Custom item</label2>
		<icon>DefaultShortcut.png</icon>
		<thumb>special://profile/addon_data/script.skinshortcuts/skin.aura-thumb-USA Channels.png</thumb>
		<action>ActivateWindow(Videos,&quot;https://13clowns.com/tRmKGjTbr/xmls/USA.m3u&quot;,return)</action>
	</shortcut>
	<shortcut>
		<defaultID/>
		<label>Sports/Events</label>
		<label2>Custom item</label2>
		<icon>DefaultShortcut.png</icon>
		<thumb>special://profile/addon_data/script.skinshortcuts/skin.aura-thumb-Sports-Events.png</thumb>
		<action>ActivateWindow(Videos,&quot;plugin://plugin.video.13clowns/?action=directory&amp;url=https%3A%2F%2F13clowns.com%2FtRmKGjTbr%2Fxmls%2Fsport.xml&amp;content=addons&quot;,return)</action>
	</shortcut>
	<shortcut>
		<defaultID/>
		<label>Canada Channels</label>
		<label2>Custom item</label2>
		<icon>DefaultShortcut.png</icon>
		<thumb>special://profile/addon_data/script.skinshortcuts/skin.aura-thumb-Canada Channels.png</thumb>
		<action>ActivateWindow(Videos,&quot;https://13clowns.com/tRmKGjTbr/xmls/canada.m3u&quot;,return)</action>
	</shortcut>
	<shortcut>
		<defaultID/>
		<label>UK Channels</label>
		<label2>Custom item</label2>
		<icon>DefaultShortcut.png</icon>
		<thumb>special://profile/addon_data/script.skinshortcuts/skin.aura-thumb-UK Channels.png</thumb>
		<action>ActivateWindow(Videos,&quot;https://13clowns.com/tRmKGjTbr/xmls/uk.m3u&quot;,return)</action>
	</shortcut>
	<shortcut>
		<defaultID/>
		<label>World Channels</label>
		<label2>Custom item</label2>
		<icon>DefaultShortcut.png</icon>
		<thumb>special://profile/addon_data/script.skinshortcuts/skin.aura-thumb-World Channels.png</thumb>
		<action>ActivateWindow(Videos,&quot;https://13clowns.com/tRmKGjTbr/xmls/iptv.m3u&quot;,return)</action>
	</shortcut>
	<shortcut>
		<defaultID/>
		<label>24/7 TV Shows</label>
		<label2>Custom item</label2>
		<icon>DefaultShortcut.png</icon>
		<thumb>special://profile/addon_data/script.skinshortcuts/skin.aura-thumb-24-7 TV Shows.png</thumb>
		<action>ActivateWindow(Videos,&quot;plugin://plugin.video.13clowns/?action=directory&amp;url=https%3A%2F%2F13clowns.com%2FtRmKGjTbr%2Fxmls%2F247shows.xml&amp;content=addons&quot;,return)</action>
	</shortcut>
	<shortcut>
		<defaultID/>
		<label>Documentary</label>
		<label2>Custom item</label2>
		<icon>DefaultShortcut.png</icon>
		<thumb>special://profile/addon_data/script.skinshortcuts/skin.aura-thumb-Documentary.png</thumb>
		<action>ActivateWindow(Videos,&quot;plugin://plugin.video.13clowns/?action=movies&amp;url=newdocs&quot;,return)</action>
	</shortcut>
	<shortcut>
		<defaultID/>
		<label>Main Menu</label>
		<label2>Custom item</label2>
		<icon>DefaultShortcut.png</icon>
		<thumb>special://profile/addon_data/script.skinshortcuts/skin.aura-thumb-Main Menu.png</thumb>
		<action>ActivateWindow(Videos,&quot;plugin://plugin.video.Gen-X&quot;,return)</action>
	</shortcut>
</shortcuts>