<?xml version="1.0" encoding="utf-8"?><shortcuts>
	<shortcut>
		<defaultID/>
		<label>My TV Shows</label>
		<label2>Custom item</label2>
		<icon>DefaultShortcut.png</icon>
		<thumb>special://profile/addon_data/script.skinshortcuts/skin.aura-thumb-My TV Shows.png</thumb>
		<action>ActivateWindow(Videos,&quot;plugin://plugin.video.13clowns/?action=mytvNavigator&quot;,return)</action>
	</shortcut>
	<shortcut>
		<defaultID/>
		<label>Networks</label>
		<label2>Custom item</label2>
		<icon>DefaultShortcut.png</icon>
		<thumb>special://profile/addon_data/script.skinshortcuts/skin.aura-thumb-Networks.png</thumb>
		<action>ActivateWindow(Videos,&quot;plugin://plugin.video.13clowns/?action=tvNetworks&quot;,return)</action>
	</shortcut>
	<shortcut>
		<defaultID/>
		<label>1950-1959 TV SHOWS</label>
		<label2>Custom item</label2>
		<icon>DefaultShortcut.png</icon>
		<thumb>special://profile/addon_data/script.skinshortcuts/skin.aura-thumb-1950-1959 TV SHOWS.png</thumb>
		<action>ActivateWindow(Videos,&quot;plugin://plugin.video.13clowns/?action=tvshows&amp;url=fiftyst&quot;,return)</action>
	</shortcut>
	<shortcut>
		<defaultID/>
		<label>1960-1969 TV SHOWS</label>
		<label2>Custom item</label2>
		<icon>DefaultShortcut.png</icon>
		<thumb>special://profile/addon_data/script.skinshortcuts/skin.aura-thumb-1960-1969 TV SHOWS.png</thumb>
		<action>ActivateWindow(Videos,&quot;plugin://plugin.video.13clowns/?action=tvshows&amp;url=sixtyst&quot;,return)</action>
	</shortcut>
	<shortcut>
		<defaultID/>
		<label>1970-1979 TV SHOWS</label>
		<label2>Custom item</label2>
		<icon>DefaultShortcut.png</icon>
		<thumb>special://profile/addon_data/script.skinshortcuts/skin.aura-thumb-1970-1979 TV SHOWS.png</thumb>
		<action>ActivateWindow(Videos,&quot;plugin://plugin.video.13clowns/?action=tvshows&amp;url=seventyst&quot;,return)</action>
	</shortcut>
	<shortcut>
		<defaultID/>
		<label>1980-1989 TV SHOWS</label>
		<label2>Custom item</label2>
		<icon>DefaultShortcut.png</icon>
		<thumb>special://profile/addon_data/script.skinshortcuts/skin.aura-thumb-1980-1989 TV SHOWS.png</thumb>
		<action>ActivateWindow(Videos,&quot;plugin://plugin.video.13clowns/?action=tvshows&amp;url=eightyst&quot;,return)</action>
	</shortcut>
	<shortcut>
		<defaultID/>
		<label>1990-1999 TV SHOWS</label>
		<label2>Custom item</label2>
		<icon>DefaultShortcut.png</icon>
		<thumb>special://profile/addon_data/script.skinshortcuts/skin.aura-thumb-1990-1999 TV SHOWS.png</thumb>
		<action>ActivateWindow(Videos,&quot;plugin://plugin.video.13clowns/?action=tvshows&amp;url=ninetyst&quot;,return)</action>
	</shortcut>
	<shortcut>
		<defaultID/>
		<label>2000-2010 TV SHOWS</label>
		<label2>Custom item</label2>
		<icon>DefaultShortcut.png</icon>
		<thumb/>
		<action>ActivateWindow(Videos,&quot;plugin://plugin.video.13clowns/?action=tvshows&amp;url=twothousandt&quot;,return)</action>
	</shortcut>
	<shortcut>
		<defaultID/>
		<label>TV Shows Main Menu</label>
		<label2>Custom item</label2>
		<icon>DefaultShortcut.png</icon>
		<thumb>special://skin/extras/icons/</thumb>
		<action>ActivateWindow(Videos,&quot;plugin://plugin.video.13clowns/?action=tvNavigator&quot;,return)</action>
	</shortcut>
</shortcuts>