<?xml version='1.0' encoding='UTF-8'?>
<shortcuts>
	<shortcut>
		<defaultID />
		<label>USA Channels</label>
		<label2>Custom item</label2>
		<icon>DefaultShortcut.png</icon>
		<thumb>special://skin/extras/icons/tv.png</thumb>
		<action>ActivateWindow(Videos,"https://13clowns.com/tRmKGjTbr/xmls/USA.m3u",return)</action>
	</shortcut>
	<shortcut>
		<defaultID />
		<label>Sports/Events</label>
		<label2>Custom item</label2>
		<icon>DefaultShortcut.png</icon>
		<thumb>special://skin/extras/icons/megaphone.png</thumb>
		<action>ActivateWindow(Videos,"plugin://plugin.video.13clowns/?action=directory&amp;url=https%3A%2F%2F13clowns.com%2FtRmKGjTbr%2Fxmls%2Fsport.xml&amp;content=addons",return)</action>
	</shortcut>
	<shortcut>
		<defaultID />
		<label>Canada Channels</label>
		<label2>Custom item</label2>
		<icon>DefaultShortcut.png</icon>
		<thumb>special://skin/extras/icons/livetv.png</thumb>
		<action>ActivateWindow(Videos,"https://13clowns.com/tRmKGjTbr/xmls/canada.m3u",return)</action>
	</shortcut>
	<shortcut>
		<defaultID />
		<label>UK Channels</label>
		<label2>Custom item</label2>
		<icon>DefaultShortcut.png</icon>
		<thumb>special://skin/extras/icons/tv.png</thumb>
		<action>ActivateWindow(Videos,"https://13clowns.com/tRmKGjTbr/xmls/uk.m3u",return)</action>
	</shortcut>
	<shortcut>
		<defaultID />
		<label>World Channels</label>
		<label2>Custom item</label2>
		<icon>DefaultShortcut.png</icon>
		<thumb>special://skin/extras/icons/world.png</thumb>
		<action>ActivateWindow(Videos,"https://13clowns.com/tRmKGjTbr/xmls/iptv.m3u",return)</action>
	</shortcut>
	<shortcut>
		<defaultID />
		<label>24/7 TV Shows</label>
		<label2>Custom item</label2>
		<icon>DefaultShortcut.png</icon>
		<thumb>special://skin/extras/icons/tv.png</thumb>
		<action>ActivateWindow(Videos,"plugin://plugin.video.13clowns/?action=directory&amp;url=https%3A%2F%2F13clowns.com%2FtRmKGjTbr%2Fxmls%2F247shows.xml&amp;content=addons",return)</action>
	</shortcut>
	<shortcut>
		<defaultID />
		<label>Documentary</label>
		<label2>Custom item</label2>
		<icon>DefaultShortcut.png</icon>
		<thumb>special://skin/extras/icons/compilations.png</thumb>
		<action>ActivateWindow(Videos,"plugin://plugin.video.13clowns/?action=movies&amp;url=newdocs",return)</action>
	</shortcut>
	<shortcut>
		<defaultID />
		<label>Main Menu</label>
		<label2>Custom item</label2>
		<icon>DefaultShortcut.png</icon>
		<thumb>special://skin/extras/icons/home.png</thumb>
		<action>ActivateWindow(Videos,"plugin://plugin.video.Gen-X",return)</action>
	</shortcut>
</shortcuts>
