<?xml version='1.0' encoding='UTF-8'?>
<shortcuts>
	<shortcut>
		<defaultID />
		<label>My Movies</label>
		<label2>Custom item</label2>
		<icon>DefaultShortcut.png</icon>
		<thumb>special://skin/extras/icons/trakttv.png</thumb>
		<action>ActivateWindow(Videos,"plugin://plugin.video.13clowns/?action=mymovieNavigator",return)</action>
	</shortcut>
	<shortcut>
		<defaultID />
		<label>BOX COLLECTIONS</label>
		<label2>Custom item</label2>
		<icon>DefaultShortcut.png</icon>
		<thumb>special://skin/extras/icons/actor.png</thumb>
		<action>ActivateWindow(Videos,"plugin://plugin.video.13clowns/?action=collectionsNavigator",return)</action>
	</shortcut>
	<shortcut>
		<defaultID />
		<label>1950-1959 MOVIES</label>
		<label2>Custom item</label2>
		<icon>DefaultShortcut.png</icon>
		<thumb>special://skin/extras/icons/video.png</thumb>
		<action>ActivateWindow(Videos,"plugin://plugin.video.13clowns/?action=movies&amp;url=fiftys",return)</action>
	</shortcut>
	<shortcut>
		<defaultID />
		<label>1960-1969 MOVIES</label>
		<label2>Custom item</label2>
		<icon>DefaultShortcut.png</icon>
		<thumb>special://skin/extras/icons/video.png</thumb>
		<action>ActivateWindow(Videos,"plugin://plugin.video.13clowns/?action=movies&amp;url=sixtys",return)</action>
	</shortcut>
	<shortcut>
		<defaultID />
		<label>1970-1979 MOVIES</label>
		<label2>Custom item</label2>
		<icon>DefaultShortcut.png</icon>
		<thumb>special://skin/extras/icons/video.png</thumb>
		<action>ActivateWindow(Videos,"plugin://plugin.video.13clowns/?action=movies&amp;url=seventys",return)</action>
	</shortcut>
	<shortcut>
		<defaultID />
		<label>1980-1989 MOVIES</label>
		<label2>Custom item</label2>
		<icon>DefaultShortcut.png</icon>
		<thumb>special://skin/extras/icons/video.png</thumb>
		<action>ActivateWindow(Videos,"plugin://plugin.video.13clowns/?action=movies&amp;url=eightys",return)</action>
	</shortcut>
	<shortcut>
		<defaultID />
		<label>1990-1999 MOVIES</label>
		<label2>Custom item</label2>
		<icon>DefaultShortcut.png</icon>
		<thumb>special://skin/extras/icons/video.png</thumb>
		<action>ActivateWindow(Videos,"plugin://plugin.video.13clowns/?action=movies&amp;url=ninetys",return)</action>
	</shortcut>
	<shortcut>
		<defaultID />
		<label>2000-2010 MOVIES</label>
		<label2>Custom item</label2>
		<icon>DefaultShortcut.png</icon>
		<thumb>special://skin/extras/icons/video.png</thumb>
		<action>ActivateWindow(Videos,"plugin://plugin.video.13clowns/?action=movies&amp;url=twothousand",return)</action>
	</shortcut>
	<shortcut>
		<defaultID />
		<label>Movies Main Menu</label>
		<label2>Custom item</label2>
		<icon>DefaultShortcut.png</icon>
		<thumb>special://skin/extras/icons/home.png</thumb>
		<action>ActivateWindow(Videos,"plugin://plugin.video.13clowns/?action=movieNavigator",return)</action>
	</shortcut>
</shortcuts>
