<?xml version='1.0' encoding='UTF-8'?>
<shortcuts>
	<shortcut>
		<defaultID />
		<label>XXX Sites</label>
		<label2>Custom item</label2>
		<icon>DefaultShortcut.png</icon>
		<thumb>special://skin/extras/icons/skull.png</thumb>
		<action>ActivateWindow(Videos,"plugin://plugin.video.videodevil",return)</action>
	</shortcut>
	<shortcut>
		<defaultID />
		<label>Ultimate White Cream</label>
		<label2>Custom item</label2>
		<icon>DefaultShortcut.png</icon>
		<thumb>special://skin/extras/icons/skull.png</thumb>
		<action>ActivateWindow(Videos,"plugin://plugin.video.uwc",return)</action>
	</shortcut>
	<shortcut>
		<defaultID />
		<label>You Porn</label>
		<label2>Custom item</label2>
		<icon>DefaultShortcut.png</icon>
		<thumb>special://skin/extras/icons/skull.png</thumb>
		<action>ActivateWindow(Videos,"plugin://plugin.video.videodevil/?url=title%3AYouPorn%26director%3AVideoDevil%26genre%3AYouPorn%26type%3Arss%26icon%3Aspecial://home/addons%5Cplugin.video.videodevil%5Cresources%5Cimages%5Cyouporn.png%26url%3Ayouporn.com.cfg",return)</action>
	</shortcut>
	<shortcut>
		<defaultID />
		<label>Porn Hub</label>
		<label2>Custom item</label2>
		<icon>DefaultShortcut.png</icon>
		<thumb>special://skin/extras/icons/skull.png</thumb>
		<action>ActivateWindow(Videos,"plugin://plugin.video.videodevil/?url=title%3APornhub%26director%3AVideoDevil%26genre%3APornhub%26type%3Arss%26icon%3Aspecial://home/addons%5Cplugin.video.videodevil%5Cresources%5Cimages%5Cpornhub.png%26url%3Apornhub.com.cfg",return)</action>
	</shortcut>
</shortcuts>
